"genders","freq","prob"
"male_female",83322,0.975096547688707
"male_male",1023,0.0119719133996489
"female_female",1105,0.0129315389116442
