"unmarried","married","singleparents","children_in_house","total_children","prob"
6935,15454,15141,1,37531,0.456598172682701
5865,18205,6975,2,31047,0.377714515128289
1711,9272,2633,3,13619,0.165687312189009
