"hh_type","freq","prob"
"singleparents",24749,0.301115693932426
"couples",57442,0.698884306067574
