"diff_group","freq","prob"
"less_20",49,0.00762052877138414
"between_20_25",547,0.0850699844479005
"between_25_30",1555,0.241835147744946
"between_30_35",2266,0.352410575427683
"between_35_40",1567,0.243701399688958
"between_40_45",416,0.064696734059098
"more_45",30,0.0046656298600311
