"individuals_type","freq","prob"
"singles",125380,0.538717355996872
"couples",107358,0.461282644003128
