"gender","freq","prob"
"male",3707,0.149783829649683
"female",21042,0.850216170350317
